NAME,EMAIL,TELEPHONE,EXTENSION,FAX,CAPTAIN,PF/PNF,CO-PILOT,PF/PNF,OTHER,DATE,TIME,UTC/LOCAL,"AIRCRAFT TYPE",REGISTRATION,"FLIGHT NUMBER",FROM,TO,POSITION,ALTITUDE,SPEED/MACH,"ACTUAL WEIGHT","REMAINING FUEL","ATL REF","DELAY (min)",DIVERSION,"NR CREW","NR. PAX","FLIGHT PHASE","DESCRIPTION OF OCCURRENCE",IMC/VMC,"VCM (km)","WIND DIRECTION (deg)","WIND SPEED",VISIBILITY,CEILING,CLOUDS,TEMPERATURE,QNH,"WEATHER CONDITION",RUNWAY,"RUNWAY CONDITION","RVR (M)","AUTO PILOT","AUTO THRUST",GEAR,FLAP,SLAT,SPOILERS,"TYPE OF ALERT","TYPE OF RA","RA FOLLOWED","LEVEL OF RISK","EVASIVE ACTIONS","REPORTED TO ATC","ATC INSTUCTIONS","USED FREQUENCY",HEADING,"HEADING OF THE OTHER AC","VER. SEPARATION","HOR. SEPARATION","TYPE OF BIRD","NR of BIRDS",SIZE,"AREAS AFFECTED","ADVISED EARLIER","LIGHTING CONDITIONS","CODITION OF THE SKY","Course of the AC","GLIDSLOPE POSITION","POS. ON EXTENDED CENTR. LINE","CHANGE IN PITCH (deg)","CHANGE IN ROLL (deg)","CHANGE IN YAW (deg)","CHANGE IN ALT","SPEED BUFFET?",STICKSHAKER?,"SUSPECTED WAKE TURBULANCE","SIGN. VERTICAL ACCELARATION","DETAILS OF AC WAKE TURBULANCE?","ADVISE TO OTHER AIRCRAFT","PERSON INVOLVED (name)",FUNCTION/POSITION,"TYPE OF INFLUENCE",COMMENTS
adam,adam@gmail.com,123,ext-1,fax-12,"jhon alba",pf,"Co Pilot",pnf,a123,"2016-05-18 00:00:00",2pm,local,2:30am,res,a1,suriname,japan,captain,ati,200mh,100kg,100kg,ref11,10m,,,,cruise,,,,,,,,,,,,,,,,,,,,,,,,,,,,,,,,,,,,,,,,,,,,,,,,,,,,,,,,
adam,adam@gmail.com,123,ext-1,fax-12,"jhon alba",,,,a123,"0000-00-00 00:00:00",,,,,,,,,,,,,,,,,,,,,,,,,,,,,,,,,,,,,,,,,,,,,,,,,,,,,,,,,,,,,,,,,,,,,,,,,,
jhon,jhon@gmail.com,123,,,mark,pf,,pnf,,"2016-05-24 00:00:00",,,20,,123,dhaka,UK,,,,,,,,,,,,,,,,,,,,,,,,,,,,,,,,,,,,,,,,,,,,,,,,,,,,,,,,,,,,,,,,,,,
mark,mark@gmail.com,123,,,jhon,pnf,,,,"2016-05-25 00:00:00",,,,,,dhelli,usa,,,,,,,,,,,,,,,,,,,,,,,,,,,,,,,,,,,,,,,,,,,,,,,,,,,,,,,,,,,,,,,,,,,
ALmas,naf4me@gmail.com,,,2323,dfsfd,pnf,co,pf,,"2016-05-26 00:00:00",10,local,,,,,,,,,,,,,,,,,,,,,,,,,,,,,wet,,,,,,,,,sfd,Yes,,,yes,,,,,,,fsdfsd,impact,33,,no,,,right,low,right,,,,,,,,,,,,ground,crew_actions,
"Naf Me",naf4me@gmail.com,4324242,3,3424234,"Mr Captain",pf,"Mr Co",pnf,fsdfksfksdf,"2016-05-18 00:00:00",10,utc,2,2222,23232,er,re,23,32,34343,2344,12,3333333,12,21,23232,,,"This is description.",im-343434,vmc-232323,erer,3434,vvvv,ccccc,clcclcl,34,q3434,fog,rw,mist,rvr3333,"erer auto","fsfsf trust",down,"flap -----","slat --","spoilder ----",ta,tra,No,low,yes,yes,climb,fdfdf,rtrt,erere,vertrt,"hor 454545",fdfd,impact,34,fsdsf,no,fsdsdf,clouded,right,low,right,fsd,,,,fsfsdf,sdfsd,fsdfsd,fsdfs,fsdf,sdfsdf,fsdfsdf,ground,organizations,"fsdf sf sdsdf sfsd fsdf sdfs dfds fsdf sdf
sd f
sdf
 sdf
sdf"
sdfsdf,naf4me@gmail.com,fsfsdf,sdfsd,fsdfsdf,fsdfsd,pnf,fsdfsd,pnf,sdfsdf,"2016-05-17 00:00:00",3434,local,fsfsd,fsdfs,fsdfs,fdsf,fsdfsd,fsdf,fsdfs,dfsdf,sdfsdf,sdfsd,sdfsdf,sdfsdfsdf,fsdfsd,fsdfs,sdf,initial_climb,,fsdf,sdfsdf,sdfsd,fsdfs,fsdfs,fsdfsd,sfsd,fsdfsd,fsdfs,wind_shear,fsdfsd,wet,fsdfsd,fsdfs,fsdf,up,fsdfsd,fsdf,sdfsd,ra,fsdfs,Yes,low,yes,yes,turn_left,fsdf,sfsdf,fsdfsd,fsdf,sdfsdf,fsdfsd,seen,fsdf,sdfsd,no,fsdfs,clear,right,low,left,fsdfsd,,,,fsdfsd,fsdfsd,fsdf,sdfsdfs,fsdfsd,fsdfsd,fsdfsd,ground,external,"fsdfsdfsdfsdfsd fsdf sfs dfsd fsd fsdf sdfs dfsf "
full_name,example@example.com,1234567890,extension,fax,captain,pnf,co_pilot,pnf,others,"0000-00-00 00:00:00",time,local,air_craft_time,registration,flight_no,from,to,position,altitude,speed,actual_weight,remaining_fuel,atl_ref,delay,diversion,nr_crew,nr_pax,taxi_in,description_of_occurence,imc_vmc,vmc_km,wind_direction,wind_speed,visibility,ceiling,clouds,temperature,qnh,snow,runway,snow,rvr,auto_pilot,auto_thrust,down,flap,slat,spoilers,ta,type_of_ra,No,high,no,no,turn_right,used_frequency,heading,heading_other_ac,ver_seperation,hor_seperation,type_of_bird,impact,size,areas_affected,no,lighting_conditions,,left,on,on,change_in_pitch,,,,speed_buffet,stickshaker,suspected_wake_turbulance,sign_verticle_accelaration,details_ac_wake_turbulance,advice_other_aircraft,persion_involved,other,personal,commentssdfgdfzg
