NAME,EMAIL,TELEPHONE,EXTENSION,FAX,CAPTAIN,PF/PNF,CO-PILOT,PF/PNF,OTHER,PURSER,DATE,TIME,UTC/LOCAL,"AIRCRAFT TYPE",REGISTRATION,"FLIGHT NUMBER",FROM,TO,"FLT DIVERTED TO","ASSIGNED DOOR","POS. DURING EVEN","NR. PAX","NR CREW","PREVIOUS FLIGHTS","NR OF LANDINGS OF THE DAY","FLIGHT PHASE","DESCRIPTION OF OCCURRENCE"
Samat,samat@gmail.com,vddsf,fsdfs,dfsdfsd,dsfsdf,pnf,fsdfsd,pnf,fsdfsd,fsdfsd,"2016-05-25 00:00:00",fsdfsd,utc,fsdfsdf,sdfsd,fsdfs,sdfsdf,fsdfsdf,fsdfsd,sdfsdf,sdfsdfsdf,sdfsd,fsdfs,dfsdf,sdfsdf,taxi_out,fsdfsdfsdfsd
full_name,example@example.com,1234567890,extension,fax,captain,pnf,co_pilot,pnf,others,purser,"0000-00-00 00:00:00",time,local,air_craft_type,registration,flight_no,from,to,flt_diverted_to,assigned_door,position_during_event,nr_of_pax,nr_of_crew,previous_flights,nr_of_landings_of_the_day,taxi_in,description_of_occurrence
sdfsdf,samat@gmail.com,fsdfsd,fsdf,sdfsdfsdf,,,sdfsdfsdf,,,,"0000-00-00 00:00:00",,,,,,,,,,,,,,,,
full_name,example@example.com,1234567890,extension,fax,captain,pnf,co_pilot,pnf,others,purser,"0000-00-00 00:00:00",time,local,air_craft_type,registration,flight_no,from,to,flt_diverted_to,assigned_door,position_during_event,nr_of_pax,nr_of_crew,previous_flights,nr_of_landings_of_the_day,taxi_in,description_of_occurrence
